Continent,Countries_No_Spacing,"""1995","""1996","""1997","""1998","""1999","""2000","""2001","""2002","""2003","""2004","""2005","""2006","""2007","""2008","""2009","""2010"
ASIA(EX.NEAREAST),Afghanistan,13.697,14.1398,14.5642,15.0216,15.3068,15.7715,15.9133,15.9269,16.4278,16.8591,17.415,18.1199,19.1546,21.468,24.4483,26.5382
EASTERNEUROPE,Albania,5.3938,5.4168,4.9349,5.1733,6.4536,6.6196,6.5632,6.9347,7.2756,7.4434,7.1246,7.0147,7.1533,7.0834,6.7941,7.1048
NORTHERNAFRICA,Algeria,104.3708,103.9504,107.3332,110.292,115.5473,118.0619,115.3976,122.2284,126.7923,128.6003,134.3725,140.0352,148.4112,153.6724,163.7519,165.2449
SUB-SAHARANAFRICA,Angola,133.5884,135.0898,136.3119,137.1478,139.1457,140.0636,146.1246,152.3402,162.1119,169.3235,173.5881,182.745,193.2325,202.7166,212.6722,222.219
LATINAMER.&CARIB,Antigua&Barbuda,0.5056,0.5239,0.5568,0.5715,0.6044,0.619,0.6432,0.6856,0.7354,0.7779,0.8057,0.8488,0.8956,0.9387,1.0074,1.0505
LATINAMER.&CARIB,Argentina,272.5621,289.0862,292.2421,297.6214,302.0324,303.1818,294.8754,289.2867,302.5063,321.1681,328.3428,339.8176,348.1888,360.8917,356.0661,363.7932
C.W.OFIND.STATES,Armenia,6.1867,5.0828,5.7005,5.6945,5.1976,5.465,5.6333,5.197,5.6596,6.0162,6.8155,6.9361,7.7233,8.3085,7.2478,7.1247
OCEANIA,Australia,438.9746,454.2262,466.8262,491.6812,506.6118,517.6609,526.4256,530.1629,529.5281,540.5428,541.0278,546.5498,557.3741,560.673,568.5651,560.6356
WESTERNEUROPE,Austria,76.8094,80.2882,79.2814,79.4956,77.6415,77.6673,81.5971,82.9345,87.855,88.9483,89.7697,87.7557,85.4511,86.1118,79.3915,85.0568
C.W.OFIND.STATES,Azerbaijan,47.1956,42.8079,42.4868,56.846,55.0253,56.5935,43.693,44.8339,47.7678,49.9027,52.4273,54.5961,53.8338,58.7809,56.8718,58.5329
LATINAMER.&CARIB,"Bahamas,The",1.8665,1.8595,1.5594,1.8785,1.8751,1.8755,1.7825,1.7958,1.7431,1.9543,1.8356,1.7656,1.7944,1.303,1.9034,2.7347
NEAREAST,Bahrain,14.8996,15.5677,16.2285,17.2796,17.3248,17.7036,18.38,19.3154,20.0148,20.8431,22.2596,24.3237,25.4479,26.714,27.0764,27.9497
ASIA(EX.NEAREAST),Bangladesh,75.3692,76.7548,79.3703,81.4662,82.5799,85.816,91.5033,93.5362,96.6627,99.0692,103.057,107.2814,112.3159,117.299,122.0935,126.5979
LATINAMER.&CARIB,Barbados,2.7378,2.7711,2.8301,3.0833,3.1643,3.1537,3.1914,3.2036,3.2524,3.2792,3.3426,3.372,3.438,3.6543,3.658,3.5481
C.W.OFIND.STATES,Belarus,88.0582,89.6141,89.0443,86.7336,85.2752,86.2957,85.7951,87.6696,89.7112,92.4408,92.0137,96.5987,94.9191,95.8725,94.2339,97.6274
WESTERNEUROPE,Belgium,141.0689,146.6962,143.7683,145.4612,141.8073,142.7082,143.2467,135.2437,142.1261,138.6415,134.5061,131.8197,128.4553,132.2949,123.1245,129.8605
LATINAMER.&CARIB,Belize,6.1482,6.2454,6.4928,6.6413,7.0389,7.2937,7.4916,7.3158,7.5064,7.6897,7.8803,8.0995,8.326,8.5159,8.7314,8.947
SUB-SAHARANAFRICA,Benin,9.5266,10.284,10.6408,10.8782,11.1955,11.4886,12.0506,12.5827,13.0847,13.4968,13.9888,15.3568,16.115,16.3281,16.8669,17.4057
ASIA(EX.NEAREAST),Bhutan,1.4133,1.4954,1.6177,1.6412,1.6756,1.7174,1.63,1.5829,1.4661,1.3201,1.3316,1.3279,1.3278,1.3534,1.3241,1.412
LATINAMER.&CARIB,Bolivia,44.5194,43.9836,43.7258,43.9127,42.9302,42.6771,44.3471,47.1045,50.0788,52.8214,55.7795,56.8884,58.1115,59.4697,60.4417,62.084
EASTERNEUROPE,Bosnia&Herzegovina,7.2668,8.7733,13.7158,16.6739,17.1507,21.3188,21.0117,21.687,21.8787,22.4683,23.0036,24.6695,25.5921,27.3814,27.0034,27.2181
SUB-SAHARANAFRICA,Botswana,12.8487,11.9505,11.4923,11.5742,10.986,10.6678,10.301,10.4143,10.2975,10.4307,10.724,10.8026,10.8913,11.05,10.8787,11.7173
LATINAMER.&CARIB,Brazil,775.2059,795.7417,813.9922,821.707,830.7819,841.2069,887.4931,926.1752,957.5959,1015.5952,1061.7577,1060.8207,1071.3889,1087.3341,1059.2087,1104.6437
ASIA(EX.NEAREAST),Brunei,15.3236,15.9056,16.5231,15.9722,16.086,16.5681,16.652,16.9269,18.0107,17.8919,18.0105,20.3578,19.9342,20.2945,20.4618,20.9302
EASTERNEUROPE,Bulgaria,73.043,73.2696,69.6413,67.0088,60.83,59.7468,62.1687,59.1949,63.2672,62.5454,63.293,64.824,68.2144,66.8827,59.0879,61.1893
SUB-SAHARANAFRICA,BurkinaFaso,11.5587,12.0824,12.6243,13.1223,13.635,14.1879,14.6882,15.2397,15.8572,16.4271,16.9933,17.7847,18.6275,19.2357,19.7597,20.335
SUB-SAHARANAFRICA,Burundi,1.7603,3.2812,4.7912,6.3048,7.822,9.3503,12.7668,16.2749,19.717,23.2507,26.7075,28.8008,30.8647,32.9837,34.9707,37.1665
ASIA(EX.NEAREAST),Cambodia,16.4437,16.3244,16.1818,16.1849,15.9147,15.7478,17.3685,18.8692,20.4799,21.9205,23.6312,24.1245,24.7917,25.4558,25.749,26.0523
SUB-SAHARANAFRICA,Cameroon,90.1353,89.6505,90.2749,90.7841,90.8959,91.4226,90.3215,89.469,88.6286,88.3074,87.6615,88.1156,89.3035,89.4947,90.1392,89.8021
NORTHERNAMERICA,Canada,655.8777,666.0353,677.5821,678.0127,681.9687,698.058,692.5748,702.8662,729.0036,727.4003,733.6961,716.2798,744.0564,733.4723,700.4821,710.7208
SUB-SAHARANAFRICA,CapeVerde,0.224,0.2661,0.2862,0.3137,0.3484,0.3796,0.4215,0.478,0.5052,0.5361,0.5854,0.6152,0.6341,0.6456,0.6644,0.7236
#N/A,CentralAfricanRepublic,107.9456,103.4793,99.024,94.5614,90.1098,85.6472,85.7632,85.9012,86.0282,86.1442,86.2822,86.9308,87.572,88.206,88.8399,89.5031
SUB-SAHARANAFRICA,Chad,23.1893,24.2363,25.287,26.3303,27.381,28.4794,30.1535,31.8276,33.718,35.3921,37.0919,37.285,37.5257,37.759,37.8788,38.0902
LATINAMER.&CARIB,Chile,61.6815,67.9857,74.703,75.9359,78.6368,73.783,72.087,73.4338,75.6888,80.5411,81.3496,83.3078,91.2696,92.9883,89.5441,94.1444
ASIA(EX.NEAREAST),China,4395.5801,4474.085,4458.4596,4549.0356,4470.1639,4754.1743,4923.1968,5215.3327,5905.9134,6671.3727,7337.4742,7949.1685,8431.7155,8642.2245,9084.4102,9679.2994
LATINAMER.&CARIB,Colombia,149.5834,151.5319,156.6062,159.4284,153.2597,157.1021,156.7053,155.3496,155.9138,157.2535,160.5139,161.6387,163.6685,165.6227,169.3836,170.9442
SUB-SAHARANAFRICA,Comoros,0.2193,0.2061,0.2076,0.2163,0.2251,0.2302,0.2331,0.2361,0.2427,0.2456,0.2522,0.2625,0.2618,0.2648,0.2642,0.2782
#N/A,"Congo,Rep.",11.1081,10.9764,11.4011,11.2477,10.794,10.7033,10.9809,10.8725,11.124,11.1693,13.219,13.3635,13.4348,13.6738,13.7188,13.351
SUB-SAHARANAFRICA,"Congo,Dem.Rep.",213.7707,206.335,198.937,191.7312,184.3865,176.6108,174.618,172.9495,171.401,169.7625,168.334,168.9375,169.5397,170.1818,170.6477,171.2562
OCEANIA,CookIslands,0.0848,0.0843,0.0837,0.0831,0.0898,0.0892,0.0907,0.0849,0.0864,0.1063,0.1114,0.1144,0.1137,0.1167,0.116,0.1153
LATINAMER.&CARIB,CostaRica,10.9029,10.6702,10.7008,11.2898,11.3627,11.3227,11.8832,12.0804,12.4347,12.8051,13.4215,13.5938,14.9974,15.3591,14.8136,15.2166
SUB-SAHARANAFRICA,Coted'Ivoire,51.7278,52.1144,52.8323,52.4518,54.0284,53.4051,53.8174,54.4397,53.722,54.5744,55.4367,55.5126,55.6064,56.6003,56.5389,56.7377
EASTERNEUROPE,Croatia,22.6755,22.5604,24.3986,25.6145,25.7787,25.2336,26.4452,27.6985,29.3751,29.0795,29.412,29.5323,30.8604,29.8478,28.2802,27.484
LATINAMER.&CARIB,Cuba,38.5587,41.2279,44.2921,44.5713,46.1545,47.2341,47.1502,46.8302,47.0211,47.5404,49.141,50.0967,51.3504,50.3189,57.5047,55.5388
NEAREAST,Cyprus,6.304,6.602,6.6869,7.1824,7.4257,7.7755,7.675,7.8857,8.6787,8.6184,8.8175,8.8911,9.2359,9.4632,9.1699,8.8675
EASTERNEUROPE,CzechRepublic,149.0506,150.7004,148.6553,141.7543,134.5492,145.1105,144.3046,139.795,143.3995,144.5996,142.3381,143.4394,145.0049,140.0827,132.2572,136.26
WESTERNEUROPE,Denmark,74.6857,87.8075,78.2514,74.0592,70.9802,66.6666,67.5212,67.3499,72.2999,66.5963,62.8487,70.5868,65.3879,61.8239,59.0786,58.9997
SUB-SAHARANAFRICA,Djibouti,0.9433,0.9647,0.9825,0.9673,1.0144,0.9882,0.9722,0.9892,0.9989,1.0525,1.0695,1.0908,1.0975,1.1408,1.1548,1.1688
LATINAMER.&CARIB,Dominica,0.173,0.1655,0.1727,0.169,0.1725,0.1944,0.2046,0.1928,0.2031,0.1986,0.2015,0.1982,0.2388,0.2172,0.2175,0.2252
LATINAMER.&CARIB,DominicanRepublic,18.3388,19.6125,21.7835,24.0876,25.7275,26.7432,26.9651,28.8937,28.985,28.7451,28.622,30.7304,31.5516,32.3903,30.952,31.442
LATINAMER.&CARIB,Ecuador,35.7755,38.5714,39.1955,39.7294,36.0196,37.2692,38.1607,40.6638,41.1357,41.7317,45.3915,46.4342,47.7846,49.5661,52.1451,52.7075
NORTHERNAFRICA,Egypt,139.5688,147.1366,156.9741,165.2197,173.8659,174.1391,186.177,194.0702,198.2749,210.6221,235.3533,247.1368,262.7813,267.0325,269.0645,276.5847
LATINAMER.&CARIB,ElSalvador,9.826,9.3478,10.267,10.6615,10.6557,10.7065,11.2349,11.4516,11.988,12.0791,12.4566,12.9456,13.493,12.8742,12.9713,12.7851
SUB-SAHARANAFRICA,EquatorialGuinea,1.3617,3.0612,4.496,5.6304,7.2439,8.5428,10.5085,12.6723,16.2741,18.7048,19.5542,20.1613,20.0475,19.7826,20.4271,20.2885
SUB-SAHARANAFRICA,Eritrea,5.7524,5.9673,6.0632,5.9845,6.1631,6.2817,6.2612,6.1708,6.0903,6.0098,5.8494,5.7581,5.7368,5.6555,5.6642,5.6929
BALTICS,Estonia,19.1602,20.0375,19.6577,19.0684,17.9886,17.7159,18.2123,17.7714,19.7432,19.948,20.1628,18.8687,22.65,21.0351,17.7406,21.5736
SUB-SAHARANAFRICA,Ethiopia,74.0281,75.793,77.4069,79.0315,80.4212,82.2767,86.4602,89.9964,93.8198,97.4975,100.6583,105.2082,109.9062,114.548,119.0218,123.0489
OCEANIA,Fiji,1.7593,1.7757,1.6053,1.5594,1.6455,1.6949,1.9471,1.6753,1.7004,1.9745,2.2084,2.2163,2.0704,1.9574,1.7381,2.193
WESTERNEUROPE,Finland,74.8406,80.7292,78.1944,74.7116,73.7698,72.7366,77.3241,79.377,87.0787,82.5849,69.983,81.526,79.4471,71.7789,69.5562,77.658
WESTERNEUROPE,France,526.3945,539.4046,530.9845,556.5733,548.6304,542.5981,547.1422,538.175,543.0192,541.9057,543.1376,535.5754,529.6695,527.0303,505.2688,513.2301
SUB-SAHARANAFRICA,Gabon,7.5995,7.3797,7.1726,6.9481,6.4826,5.9472,6.0495,5.9281,6.136,6.3011,6.6288,6.0091,5.9627,6.0368,6.121,6.2652
SUB-SAHARANAFRICA,"Gambia,The",4.9145,5.0528,5.191,5.3476,5.5079,5.6644,5.84,6.0412,6.2095,6.385,6.5533,6.707,6.9011,7.0585,7.2232,7.399
C.W.OFIND.STATES,Georgia,14.7869,13.4241,12.9786,12.878,12.8421,13.5102,12.3275,11.6921,11.8431,12.0443,12.9862,13.2816,13.817,12.9223,13.5565,12.9782
WESTERNEUROPE,Germany,1069.1875,1090.0924,1054.5583,1041.1293,1003.8816,994.8552,1008.8681,993.1553,984.4538,985.5316,954.5998,965.5155,935.4004,938.7277,876.1988,903.9783
SUB-SAHARANAFRICA,Ghana,17.8063,18.5019,18.9774,21.0911,21.905,21.4119,21.9329,23.4594,23.156,22.8826,23.5516,25.1025,25.6634,24.9443,26.8652,28.2261
WESTERNEUROPE,Greece,105.7582,105.8688,107.1001,110.7185,110.3436,118.1614,119.3833,118.8402,122.2841,121.4663,122.6966,121.481,125.1873,120.9946,116.177,109.1003
LATINAMER.&CARIB,Grenada,1.6618,1.6773,1.7039,1.7158,1.746,1.7543,1.7674,1.7878,1.8082,1.8066,1.8271,1.8519,1.8695,1.9017,1.9046,1.9221
LATINAMER.&CARIB,Guatemala,17.7479,22.6694,28.1391,34.9335,39.9393,46.2733,43.7917,41.5517,38.6618,36.4508,34.0297,34.3281,35.4877,34.536,35.286,34.7343
SUB-SAHARANAFRICA,Guinea,16.4063,16.4566,16.4923,16.484,16.5417,16.5774,16.9651,17.3601,17.7441,18.1134,18.3252,18.5748,18.8538,19.1071,19.3713,19.6283
SUB-SAHARANAFRICA,Guinea-Bissau,1.6883,1.708,1.7021,1.6265,1.6645,1.633,1.6793,1.7257,1.8087,1.8587,1.9124,1.9513,2.0012,2.0327,2.0753,2.1142
LATINAMER.&CARIB,Guyana,4.0199,3.9968,3.9992,3.9797,3.9382,3.7941,3.7874,3.7806,3.7738,3.844,3.6576,3.5161,3.7923,3.7864,3.7842,3.9321
LATINAMER.&CARIB,Haiti,5.0776,5.4206,5.8536,6.0666,6.3296,6.5526,6.8263,7.0977,7.0488,7.3472,7.4783,7.565,7.6391,7.8931,7.9671,7.8011
LATINAMER.&CARIB,Honduras,12.8068,12.863,13.0132,13.6425,13.7154,14.0019,15.1427,15.7338,16.7283,17.6631,18.2119,17.9084,19.827,19.7543,19.4553,19.5989
EASTERNEUROPE,Hungary,75.9177,77.0411,75.776,76.5369,77.0615,74.5093,76.0337,75.4333,77.9576,76.9451,77.1241,76.291,73.9845,72.3903,66.8827,67.1888
WESTERNEUROPE,Iceland,2.8546,3.1457,3.0704,3.0952,3.08,3.2247,3.1306,3.1856,3.1562,3.2004,3.142,3.2044,3.2932,3.1219,3.0907,2.9794
ASIA(EX.NEAREAST),India,1308.7895,1362.6003,1415.3995,1434.8928,1510.7161,1553.6674,1576.9404,1622.4038,1663.0934,1754.0084,1817.2334,1924.9865,2036.3136,2146.4363,2352.5124,2432.1761
ASIA(EX.NEAREAST),Indonesia,537.9033,557.9391,580.4661,582.3311,603.8436,606.9305,637.4843,654.5139,694.1036,708.3472,723.7939,744.2929,761.8909,760.7795,778.9419,814.7109
ASIA(EX.NEAREAST),Iran,360.9445,374.6724,392.8688,400.3832,433.0879,451.5039,467.0533,489.628,516.5435,551.5593,587.7931,630.9861,668.3458,682.7956,701.525,698.3792
NEAREAST,Iraq,132.598,146.3771,176.616,161.7545,160.0645,184.8649,182.4786,181.5763,171.8961,165.9934,174.5298,163.0582,174.3336,186.7528,209.6716,227.8222
WESTERNEUROPE,Ireland,57.1917,58.6076,59.7851,62.2771,63.9212,65.6514,67.9411,66.7045,65.8929,66.6411,67.9971,69.0565,68.118,66.9094,61.6352,61.186
NEAREAST,Israel,59.5675,61.9948,64.6299,64.8062,66.7017,71.417,72.0067,74.6697,76.587,76.8838,74.8065,78.665,81.3157,82.0087,81.7239,86.9891
WESTERNEUROPE,Italy,512.2394,510.8739,516.0605,528.6732,534.2923,537.3107,539.5521,546.0739,562.7963,569.831,568.7856,564.6605,555.588,539.5012,488.859,496.2746
LATINAMER.&CARIB,Jamaica,11.7068,12.0998,12.3092,12.8092,13.0683,13.1603,13.3118,13.5577,13.929,14.0128,14.2661,15.6719,15.6012,14.977,11.5105,11.233
ASIA(EX.NEAREAST),Japan,1290.8401,1307.3476,1302.1394,1265.3855,1304.9142,1319.9648,1301.3382,1333.6036,1337.5934,1335.7586,1342.4912,1326.525,1361.4401,1272.4208,1210.0807,1257.1002
NEAREAST,Jordan,22.1274,21.5722,21.0714,20.302,19.3815,19.0706,19.3189,20.4804,20.3793,22.5443,23.9849,24.5696,25.6852,25.3199,26.0494,25.8197
C.W.OFIND.STATES,Kazakhstan,228.9939,203.9128,178.472,178.4091,163.8028,159.9377,158.5416,170.2218,187.4705,200.1416,213.278,232.3096,248.9272,291.0777,264.0754,300.8309
SUB-SAHARANAFRICA,Kenya,33.6163,34.1738,33.7528,34.2153,34.4955,35.1618,35.355,35.9672,35.8714,37.6263,39.3937,41.1417,41.9073,43.1425,45.8503,47.4742
OCEANIA,Kiribati,0.0354,0.0504,0.0435,0.0475,0.0442,0.0483,0.0413,0.0564,0.0568,0.0609,0.0796,0.0872,0.0691,0.0731,0.0587,0.0809
#N/A,"Korea,Dem.Rep.(North)",108.8371,99.2712,91.4224,84.1323,89.2859,94.0405,97.1598,94.6212,96.7083,98.8368,102.5906,104.2977,91.6193,99.0348,96.7138,94.5201
#N/A,"Korea,Rep.(South)",429.8584,459.0565,486.6675,425.2107,463.0133,519.4125,536.2637,534.1623,541.6493,562.7888,561.4243,571.6782,585.9256,598.3996,612.8853,661.6932
NEAREAST,Kuwait,121.5813,121.3559,123.0531,129.2178,134.3908,137.4553,145.1433,151.9691,160.1874,167.551,179.1132,179.0259,178.9576,183.9349,189.5889,191.8835
C.W.OFIND.STATES,Kyrgyzstan,8.013,9.121,8.9867,9.2632,7.9527,7.7822,7.1162,8.1243,8.7666,8.7804,8.5604,8.4983,9.2065,9.9768,8.922,10.067
ASIA(EX.NEAREAST),Laos,14.9077,14.6941,14.4878,14.2229,14.1192,13.792,14.9774,16.5071,17.7144,19.2625,20.5284,20.8454,21.1074,21.3474,21.5874,21.82
BALTICS,Latvia,12.6958,12.7533,12.1519,11.793,10.9587,10.3576,10.8574,11.0654,11.3935,11.4997,11.6958,12.1996,12.5844,12.2119,11.6943,12.8953
NEAREAST,Lebanon,16.9637,17.7005,19.28,19.4093,20.024,18.4968,19.7483,19.7012,20.1127,20.523,19.8568,18.4783,17.2167,21.2649,25.1754,24.3982
SUB-SAHARANAFRICA,Lesotho,1.9764,2.0728,2.1682,2.2671,2.363,2.4888,2.44,2.3918,2.3436,2.2959,2.2627,2.3003,2.3338,2.3649,2.3895,2.7358
SUB-SAHARANAFRICA,Liberia,1.0055,1.0538,1.1021,1.1724,1.228,1.2947,1.3642,1.3678,1.4007,1.4996,1.6168,1.6776,1.6395,1.5794,1.5743,1.8879
NORTHERNAFRICA,Libya,98.3255,100.6889,100.5389,101.8008,100.6161,102.6711,106.5837,110.614,113.4589,116.9715,122.5115,126.449,127.1416,131.6364,140.3229,145.7536
BALTICS,Lithuania,21.3349,22.1209,21.8985,22.9055,20.6472,19.1699,20.3005,20.7196,21.0585,22.068,23.2509,23.1638,23.7178,23.2088,20.859,21.5693
WESTERNEUROPE,Luxembourg,9.3921,9.4777,9.0326,8.4375,8.797,9.3982,10.0084,10.6696,11.1435,12.565,12.7878,12.6743,12.1853,12.1122,11.5314,12.1448
#N/A,"Macedonia,FYR",11.543,13.0426,11.9605,12.7664,12.01,11.6772,11.8806,11.3873,12.1793,11.9433,12.4043,12.5312,13.0907,12.9746,12.4695,12.388
SUB-SAHARANAFRICA,Madagascar,28.6639,30.0916,31.7099,33.0791,34.5911,35.865,37.7583,39.2816,41.7721,43.9036,45.8629,46.2678,46.8596,47.4551,47.7977,48.4518
SUB-SAHARANAFRICA,Malawi,10.0282,10.3274,10.6889,11.0687,11.5548,11.7807,12.2833,12.7748,13.3579,13.8861,14.3373,14.9683,15.5554,16.3477,16.8431,17.6134
ASIA(EX.NEAREAST),Malaysia,157.8901,166.6083,173.9142,172.3568,180.165,189.8403,198.3334,209.3544,219.1022,232.9157,244.1132,251.9754,267.5957,280.5797,267.1558,282.5971
ASIA(EX.NEAREAST),Maldives,0.3285,0.3742,0.4235,0.3923,0.5259,0.5606,0.6392,0.7545,0.6646,0.8459,0.7707,0.9602,0.9921,1.0864,1.1476,1.1576
SUB-SAHARANAFRICA,Mali,16.4184,16.7459,17.0918,17.3938,17.725,18.0379,18.7497,19.4652,20.1587,20.8925,21.6043,22.4187,23.2441,24.0731,24.9059,25.7313
WESTERNEUROPE,Malta,2.6142,2.5797,2.7352,2.6707,2.7162,2.4517,2.819,2.6663,2.9736,2.9909,3.1381,3.0309,3.2037,3.0665,2.9692,3.012
SUB-SAHARANAFRICA,Mauritania,7.9911,8.3211,8.6327,7.0647,7.4679,7.8198,8.0866,8.3241,8.5176,8.8283,9.0255,8.9916,9.1958,9.2681,9.4247,9.3945
SUB-SAHARANAFRICA,Mauritius,2.8499,3.0713,3.223,3.525,3.8966,4.3048,4.5263,4.5572,4.7456,4.8059,5.0456,5.4528,5.6035,5.7102,5.6667,5.9566
LATINAMER.&CARIB,Mexico,459.8238,483.1586,503.647,528.6401,526.8133,548.5546,556.7183,572.3325,588.9853,602.8948,631.7665,646.5627,669.4144,679.6728,665.8734,681.8654
C.W.OFIND.STATES,Moldova,17.8279,15.9093,14.8321,13.6852,12.153,11.3961,11.653,11.7722,12.2681,12.2976,12.5744,12.4465,12.3213,12.3188,12.1063,12.6695
ASIA(EX.NEAREAST),Mongolia,22.8364,21.2511,21.0532,21.0515,21.0862,21.4309,21.0794,21.3929,20.7734,20.6453,20.4741,22.411,23.9516,25.0116,26.4255,28.2718
#N/A,Montenegro,0,0,0,0,0,0,0,0,0,0,3.3951,3.6066,3.1981,3.6596,2.7811,3.5026
NORTHERNAFRICA,Morocco,48.3393,49.5701,52.5817,54.7689,57.9067,60.1116,65.3861,68.3642,70.0423,75.4819,80.3311,81.3699,84.2609,86.8867,87.2778,90.9805
SUB-SAHARANAFRICA,Mozambique,19.9661,20.7183,21.5938,22.2937,23.0272,23.97,24.0281,24.2734,24.6901,24.7662,24.6386,24.9522,25.6001,25.699,26.0959,26.5457
#N/A,Myanmar,187.5163,179.6146,171.3001,163.6987,156.5569,148.839,148.6856,149.6851,153.1336,153.752,155.327,155.8733,157.7633,156.6596,157.6592,160.0449
SUB-SAHARANAFRICA,Namibia,8.0316,9.2177,10.3292,11.4582,12.2464,13.2479,14.133,14.3082,14.9033,15.4584,16.2836,15.9899,15.7862,15.8625,15.6688,15.5151
OCEANIA,Nauru,0.1366,0.1293,0.1294,0.1257,0.1185,0.1112,0.1113,0.1077,0.1004,0.0968,0.0969,0.0861,0.0973,0.0975,0.094,0.0942
ASIA(EX.NEAREAST),Nepal,28.1486,28.8314,29.6814,30.4272,31.8411,32.5586,33.0513,32.6513,33.1449,33.2012,33.8312,33.7694,34.3575,35.1583,36.2228,37.3673
WESTERNEUROPE,Netherlands,224.4953,229.9459,222.5337,221.1496,214.5172,215.8012,220.2563,218.9643,222.1346,222.2529,218.5063,213.3246,214.9948,215.9234,208.1657,218.0336
OCEANIA,NewZealand,60.7773,62.6799,65.4396,65.2353,67.3212,68.9128,71.2195,71.5918,72.6415,72.7819,73.6987,73.8538,72.8405,74.1352,71.3397,71.2713
LATINAMER.&CARIB,Nicaragua,9.0431,9.6974,10.3907,11.3667,11.8817,12.5956,13.4351,14.2503,15.2358,15.8795,16.49,16.857,17.134,17.1009,17.2579,17.7449
SUB-SAHARANAFRICA,Niger,9.7369,10.6306,11.4253,12.286,13.0661,13.6044,14.0402,14.5604,15.0952,15.652,15.9816,16.5467,17.1485,17.8308,18.5865,19.4997
SUB-SAHARANAFRICA,Nigeria,246.6053,257.0655,258.6007,255.8828,260.4608,267.7759,282.5388,288.8893,290.7732,296.3664,315.1999,313.0023,314.3519,314.8924,302.9857,320.0428
#N/A,Niue,0.0303,0.0312,0.032,0.0329,0.0338,0.0346,0.0396,0.041,0.0423,0.0437,0.045,0.0468,0.0486,0.0503,0.0521,0.0538
WESTERNEUROPE,Norway,47.0044,47.737,49.4496,51.2133,52.964,48.303,48.8614,48.1165,50.8437,50.9433,49.5685,50.3711,50.6386,49.7171,48.9133,51.1112
NEAREAST,Oman,50.5356,51.9909,54.5931,55.8479,60.161,63.1604,65.4446,66.4229,66.7111,65.7706,68.2738,77.3482,81.6528,92.2672,95.8671,99.0923
ASIA(EX.NEAREAST),Pakistan,182.8051,192.2684,198.429,203.2207,214.9481,217.494,222.831,228.8885,236.5325,253.4866,260.5506,276.3356,295.0551,293.9974,303.368,304.8486
OCEANIA,Palau,0.1333,0.1484,0.1599,0.1713,0.1828,0.1943,0.2605,0.2607,0.2683,0.2648,0.2687,0.28,0.2875,0.2878,0.288,0.2956
LATINAMER.&CARIB,Panama,9.2152,9.3204,9.5665,10.6527,9.9468,10.2126,11.2322,10.5874,10.8189,11.1877,12.7533,13.2229,13.1625,13.2078,14.3832,15.1038
OCEANIA,PapuaNewGuinea,11.6716,11.5944,11.7884,11.8725,11.3044,11.3262,11.5865,11.5868,11.7592,11.9903,11.844,11.9091,12.304,10.9658,10.91,10.7992
LATINAMER.&CARIB,Paraguay,37.9723,37.322,37.1257,36.7221,36.1228,34.7332,35.1899,35.5976,36.0808,36.4318,36.5088,37.351,38.0675,38.5541,39.4907,40.6172
LATINAMER.&CARIB,Peru,56.1989,59.054,60.1252,59.646,62.508,62.7887,60.3739,61.1856,60.126,64.1704,63.7207,64.0955,67.2455,72.6016,75.7876,79.6768
ASIA(EX.NEAREAST),Philippines,110.1397,116.7537,125.7783,126.344,124.7989,126.5582,125.62,128.2661,130.8797,133.196,136.1533,129.6298,134.6714,138.0212,140.2467,147.7549
EASTERNEUROPE,Poland,412.287,427.0548,415.8008,391.3219,381.0371,367.6901,364.7347,354.0229,365.1365,368.7127,368.1784,379.763,379.4325,373.7809,360.626,378.0127
WESTERNEUROPE,Portugal,69.2249,67.9482,70.6955,75.8752,83.0959,82.9432,82.5814,86.4996,81.7257,83.4447,86.5629,80.0058,81.6298,78.9014,78.7512,73.6811
NEAREAST,Qatar,21.1296,22.2739,24.1219,25.7265,28.0028,27.3361,29.2717,33.5142,35.1883,38.4731,48.217,52.476,59.3247,65.8829,70.2437,75.2752
EASTERNEUROPE,Romania,180.7583,182.7015,170.7119,153.8401,137.6043,138.4073,143.1708,142.9422,149.2075,147.1398,148.4696,150.7048,149.3631,148.2706,132.4236,128.7536
#N/A,RussianFederation,2223.7151,2184.5978,2080.8154,2067.7246,2105.7063,2145.3667,2149.8668,2150.6161,2185.4512,2196.1516,2203.4851,2266.056,2274.3309,2299.23,2190.281,2291.5686
SUB-SAHARANAFRICA,Rwanda,3.3128,3.4103,3.5078,3.5797,3.6882,3.7857,3.9034,4.0211,4.1314,4.2528,4.2129,4.2841,4.381,4.4412,4.5417,4.6312
LATINAMER.&CARIB,SaintKitts&Nevis,0.1775,0.1874,0.1899,0.1925,0.195,0.1976,0.2787,0.2939,0.3164,0.3242,0.3321,0.3342,0.351,0.3532,0.3663,0.3575
LATINAMER.&CARIB,SaintLucia,0.9965,1.0146,0.996,0.9921,1.0028,1.0135,1.0481,1.013,1.0475,1.0454,1.058,1.0619,1.0841,1.099,1.0919,1.1142
#N/A,SaintVincent&Grenadines,0.2034,0.2071,0.2071,0.2365,0.2401,0.2292,0.2506,0.2574,0.2642,0.2637,0.2668,0.2706,0.2707,0.2709,0.271,0.2784
OCEANIA,Samoa,0.3358,0.3372,0.3385,0.3399,0.3486,0.35,0.3576,0.3615,0.3727,0.3803,0.3878,0.3887,0.3933,0.3942,0.3952,0.3961
SUB-SAHARANAFRICA,SaoTome&Principe,0.1105,0.1106,0.1106,0.1107,0.1108,0.1109,0.1152,0.1231,0.1311,0.1391,0.1434,0.152,0.1533,0.1546,0.1632,0.1718
NEAREAST,SaudiArabia,269.3937,282.3454,265.7429,281.6551,287.4069,300.0612,311.3156,328.5769,347.2929,367.9181,384.8907,404.1992,418.7331,446.1884,471.1132,510.1386
SUB-SAHARANAFRICA,Senegal,13.8132,14.429,15.1582,15.9888,16.786,17.4517,18.1352,18.4183,18.4112,19.6038,20.0655,20.2468,21.1553,21.3717,22.1756,22.4474
EASTERNEUROPE,Serbia,61.4532,68.7261,73.0972,72.9182,56.3812,59.3824,61.3362,64.5087,67.5411,71.7624,64.5943,66.9428,64.8343,63.5527,59.8878,60.1363
SUB-SAHARANAFRICA,Seychelles,0.2554,0.2631,0.4796,0.5056,0.5792,0.6308,0.7073,0.608,0.6222,0.8086,0.7605,0.8087,0.7178,0.7733,0.8216,0.7709
SUB-SAHARANAFRICA,SierraLeone,4.6588,4.485,4.2892,4.0568,3.839,3.7641,4.0143,4.1582,4.313,4.4093,4.4213,4.7013,4.6956,4.8181,4.9002,5.03
ASIA(EX.NEAREAST),Singapore,45.2165,47.7284,49.0691,48.5598,51.7933,51.9875,52.38,50.942,53,54.8703,54.3639,58.2332,59.1925,60.5818,61.2811,70.0504
EASTERNEUROPE,Slovakia,50.8052,51.1608,51.4026,50.4335,49.3877,46.9992,48.2903,47.921,48.5155,47.4716,48.5786,47.6001,46.7179,46.0909,42.1369,43.4604
EASTERNEUROPE,Slovenia,17.9991,18.8597,19.3922,19.2527,18.7816,18.4742,19.2873,19.4441,19.5655,19.7301,19.9132,20.2966,20.2376,21.144,19.4101,19.5465
OCEANIA,SolomonIslands,0.3857,0.3942,0.4028,0.4113,0.4235,0.432,0.447,0.4547,0.4697,0.4774,0.4851,0.4923,0.5178,0.525,0.5322,0.543
SUB-SAHARANAFRICA,SouthAfrica,350.229,360.4883,375.331,382.1997,365.1322,372.2788,358.7265,370.6031,397.8914,415.7893,409.9196,412.0655,439.2822,468.359,450.0983,458.2913
WESTERNEUROPE,Spain,308.7402,300.4141,322.5828,335.9158,359.6044,378.8939,380.2238,395.9065,403.5818,420.1069,433.2076,427.8581,440.4374,407.9475,367.4532,350.2699
ASIA(EX.NEAREAST),SriLanka,31.0536,33.5313,33.3927,33.5618,34.3461,35.7138,35.8154,36.518,37.7915,38.499,39.8606,38.664,40.1637,39.7471,39.7569,41.3703
SUB-SAHARANAFRICA,Sudan,99.4597,103.8576,109.3879,113.5192,118.5654,123.6867,128.8331,134.9149,139.5323,144.9951,150.3805,154.5574,157.1824,160.2686,163.5682,165.8996
LATINAMER.&CARIB,Suriname,4.6527,4.4988,4.4071,4.3264,4.2128,4.0845,4.2149,4.1915,4.1717,4.2141,4.2933,4.3697,4.3839,4.3981,4.4379,4.3678
SUB-SAHARANAFRICA,Swaziland,1.9813,1.8792,2.7518,2.7743,2.8078,2.7717,2.7434,2.748,2.6866,2.6912,2.6958,2.713,2.7778,2.8243,2.7719,2.789
WESTERNEUROPE,Sweden,74.5066,79.7578,73.224,74.1891,73.1299,68.9809,68.3813,69.9217,70.7451,69.3641,66.1068,63.695,61.8122,59.6339,56.8268,62.0084
WESTERNEUROPE,Switzerland,51.8302,52.4616,51.0469,52.8572,52.8735,51.9753,52.9885,52.0059,53.2305,53.7267,54.2663,54.0028,52.0737,53.7328,52.372,53.9412
NEAREAST,Syria,68.0557,70.6206,72.2256,76.3684,75.7516,75.8623,75.7631,77.9895,77.6853,81.0903,90.5118,93.9046,97.8231,99.3846,94.3807,95.1328
C.W.OFIND.STATES,Tajikistan,8.3244,7.8916,7.9971,8.0889,7.7091,7.1929,7.4105,7.6617,7.9712,8.6588,8.7946,9.3052,10.1895,10.2932,10.4229,10.8228
SUB-SAHARANAFRICA,Tanzania,60.0656,60.1538,59.641,59.2639,58.8218,58.944,60.8245,62.958,64.8325,67.0383,69.9843,70.8329,71.1784,71.9693,72.2095,73.1024
ASIA(EX.NEAREAST),Thailand,233.1647,253.5278,256.9575,236.1465,243.0813,244.0877,254.6416,272.8596,284.1068,304.0114,312.4547,317.1758,321.6635,326.502,323.0599,346.3409
SUB-SAHARANAFRICA,Togo,7.5823,7.871,7.484,7.5736,7.7843,7.5913,7.477,7.5614,7.7658,7.7002,7.6347,7.635,7.7253,8.0256,8.1559,8.2862
OCEANIA,Tonga,0.289,0.2919,0.2985,0.2977,0.3189,0.3144,0.3391,0.3454,0.3774,0.3764,0.3644,0.3849,0.3652,0.3747,0.3879,0.3755
LATINAMER.&CARIB,Trinidad&Tobago,18.203,19.7415,20.299,22.1518,23.0754,26.741,28.5336,29.5121,28.0324,29.4741,37.6412,42.5765,44.1016,42.3422,43.2166,45.7201
NORTHERNAFRICA,Tunisia,23.5012,24.3052,25.2573,26.3092,27.5197,28.9131,29.7058,29.7973,30.0434,31.2174,32.0126,32.7824,33.2504,34.05,34.1965,35.0597
NEAREAST,Turkey,249.3651,267.9066,277.6402,281.1756,279.3783,305.1443,283.0583,293.2872,303.5582,309.6793,319.9312,346.1703,373.103,374.4467,367.776,382.294
C.W.OFIND.STATES,Turkmenistan,54.803,52.0882,53.346,55.0039,61.1717,63.2395,67.192,71.8344,79.2368,84.0306,88.7107,90.6057,97.8561,99.2995,93.4256,101.005
SUB-SAHARANAFRICA,Uganda,18.754,18.8525,18.8631,19.0423,19.0785,19.1807,20.3818,21.5426,22.6961,23.9521,25.4976,26.0475,26.6999,26.9127,27.2976,27.8951
C.W.OFIND.STATES,Ukraine,530.9734,471.6412,448.6391,423.3222,413.7007,398.9482,403.5833,406.8498,438.5598,421.8295,416.0023,421.5068,425.8285,416.9096,361.707,380.8901
NEAREAST,UnitedArabEmirates,95.8779,104.5342,106.0588,110.5686,113.0606,117.0187,117.1333,128.3267,135.4621,141.7862,145.3404,153.9745,170.3738,191.0924,195.4779,202.5567
WESTERNEUROPE,UnitedKingdom,678.0491,690.848,662.5255,660.5921,651.3395,652.4839,660.7557,640.803,648.4515,645.0221,638.4167,639.7121,626.0903,614.6564,565.0533,582.1132
NORTHERNAMERICA,UnitedStates,6305.5183,6470.7757,6649.6512,6638.7506,6666.2907,6858.1174,6832.4547,6754.4981,6825.2274,6904.5943,6908.9758,6845.4686,6945.8869,6789.9536,6399.8334,6668.7868
LATINAMER.&CARIB,Uruguay,28.3495,29.3479,29.6036,29.9994,31.1735,29.8276,29.4858,29.0292,29.0355,30.03,29.9707,31.2564,31.2122,33.478,33.8037,32.9395
C.W.OFIND.STATES,Uzbekistan,189.1848,191.7048,195.9125,209.2577,213.0403,212.4753,215.3375,221.6716,217.9051,216.021,210.7951,217.2093,219.6377,224.5681,215.8817,215.3618
OCEANIA,Vanuatu,0.5027,0.5157,0.5141,0.5051,0.4998,0.4908,0.5064,0.5109,0.5155,0.4981,0.5063,0.5074,0.5634,0.5682,0.6023,0.6107
LATINAMER.&CARIB,Venezuela,207.8263,221.8527,228.7525,230.9546,215.5205,226.1438,229.4719,227.2819,218.8962,223.6682,251.075,248.7808,239.8252,277.4583,275.8426,284.9938
ASIA(EX.NEAREAST),Vietnam,102.683,109.9489,119.1399,127.4043,131.6182,140.0745,148.7917,162.0112,169.9056,186.1728,197.4781,202.8947,215.1909,228.4562,245.5857,263.9759
NEAREAST,Yemen,14.7878,15.1891,16.1723,17.2545,18.9034,19.8147,21.2515,21.5536,24.0054,25.2246,26.4274,26.92,28.3611,29.3945,32.4524,34.1512
SUB-SAHARANAFRICA,Zambia,69.712,66.3083,63.7845,60.6378,57.1802,54.1884,56.1635,58.1901,60.3017,62.2693,64.4006,65.0317,65.1268,65.9803,66.894,67.6951
SUB-SAHARANAFRICA,Zimbabwe,26.2663,25.7771,24.8946,25.2507,27.0956,24.6218,24.1483,23.1649,21.5277,21.0545,21.4513,20.6955,20.6119,18.5285,19.4354,20.242
